{"cameraMode":{"drawMode":0,"name":"Shaded","section":"Shading Mode"},"sceneLighting":true,"audioPlay":false,"sceneViewState":{"m_AlwaysRefresh":false,"showFog":true,"showSkybox":true,"showFlares":true,"showImageEffects":true,"showParticleSystems":true,"showVisualEffectGraphs":true,"m_FxEnabled":true},"in2DMode":false,"pivot":{"x":-0.5309295654296875,"y":1.8881416320800782,"z":1.0504000186920167},"rotation":{"x":0.23805895447731019,"y":0.39756301045417788,"z":-0.10759910196065903,"w":0.879612147808075},"size":0.2874656915664673,"orthographic":false}